,Model,Fold,Test_Experiment,Accuracy,F1_Positive,Precision_Positive,Recall_Positive,F1_Macro,AUC,Features_K,Best_Params
0,RF,1,1,0.7234,0.6667,0.8667,0.5417,0.7152,0.7917,20,"{'selector__k': 20, 'selector__score_func': 'f_classif', 'clf__n_estimators': 280, 'clf__max_depth': 4, 'clf__min_samples_split': 20, 'clf__min_samples_leaf': 7, 'clf__max_features': 'sqrt', 'clf__bootstrap': False, 'clf__class_weight': None}"
1,RF,2,2,0.6667,0.6471,0.4783,1.0,0.6656,0.9164,all,"{'selector__k': 'all', 'selector__score_func': 'f_classif', 'clf__n_estimators': 51, 'clf__max_depth': 5, 'clf__min_samples_split': 15, 'clf__min_samples_leaf': 9, 'clf__max_features': 'log2', 'clf__bootstrap': True, 'clf__class_weight': 'balanced'}"
2,RF,3,3,0.7705,0.6111,0.55,0.6875,0.7242,0.8722,30,"{'selector__k': 30, 'selector__score_func': 'f_classif', 'clf__n_estimators': 173, 'clf__max_depth': 4, 'clf__min_samples_split': 18, 'clf__min_samples_leaf': 9, 'clf__max_features': 'sqrt', 'clf__bootstrap': False, 'clf__class_weight': None}"
3,RF,4,4,0.8182,0.8333,0.7353,0.9615,0.8167,0.8714,51,"{'selector__k': 51, 'selector__score_func': 'f_classif', 'clf__n_estimators': 309, 'clf__max_depth': 3, 'clf__min_samples_split': 15, 'clf__min_samples_leaf': 8, 'clf__max_features': 'sqrt', 'clf__bootstrap': True, 'clf__class_weight': 'balanced'}"
4,RF,5,5,0.7059,0.7059,0.8,0.6316,0.7059,0.814,20,"{'selector__k': 20, 'selector__score_func': 'f_classif', 'clf__n_estimators': 446, 'clf__max_depth': 4, 'clf__min_samples_split': 2, 'clf__min_samples_leaf': 8, 'clf__max_features': 'sqrt', 'clf__bootstrap': False, 'clf__class_weight': 'balanced'}"
5,RF,6,6,0.75,0.55,0.6111,0.5,0.6885,0.87,30,"{'selector__k': 30, 'selector__score_func': 'f_classif', 'clf__n_estimators': 366, 'clf__max_depth': 4, 'clf__min_samples_split': 19, 'clf__min_samples_leaf': 9, 'clf__max_features': 'sqrt', 'clf__bootstrap': True, 'clf__class_weight': None}"
6,RF,7,7,0.8667,0.85,0.85,0.85,0.865,0.874,20,"{'selector__k': 20, 'selector__score_func': 'f_classif', 'clf__n_estimators': 350, 'clf__max_depth': 4, 'clf__min_samples_split': 13, 'clf__min_samples_leaf': 9, 'clf__max_features': 'sqrt', 'clf__bootstrap': False, 'clf__class_weight': None}"
7,RF,8,8,0.6429,0.7059,0.6,0.8571,0.6257,0.7891,20,"{'selector__k': 20, 'selector__score_func': 'f_classif', 'clf__n_estimators': 403, 'clf__max_depth': 4, 'clf__min_samples_split': 15, 'clf__min_samples_leaf': 6, 'clf__max_features': 'sqrt', 'clf__bootstrap': False, 'clf__class_weight': 'balanced'}"
8,RF,9,9,0.8182,0.8372,0.878,0.8,0.8157,0.8674,71,"{'selector__k': 71, 'selector__score_func': 'f_classif', 'clf__n_estimators': 365, 'clf__max_depth': 17, 'clf__min_samples_split': 2, 'clf__min_samples_leaf': 5, 'clf__max_features': 'log2', 'clf__bootstrap': True, 'clf__class_weight': None}"
9,RF,10,10,0.75,0.7576,0.7812,0.7353,0.7498,0.8039,10,"{'selector__k': 10, 'selector__score_func': 'f_classif', 'clf__n_estimators': 418, 'clf__max_depth': 6, 'clf__min_samples_split': 19, 'clf__min_samples_leaf': 9, 'clf__max_features': 'sqrt', 'clf__bootstrap': True, 'clf__class_weight': 'balanced'}"
10,RF,11,11,0.4945,0.3235,0.2973,0.3548,0.46,0.5043,91,"{'selector__k': 91, 'selector__score_func': 'f_classif', 'clf__n_estimators': 289, 'clf__max_depth': 13, 'clf__min_samples_split': 11, 'clf__min_samples_leaf': 6, 'clf__max_features': 'log2', 'clf__bootstrap': True, 'clf__class_weight': 'balanced'}"
11,RF,12,12,0.4231,0.2623,0.2759,0.25,0.3943,0.2969,81,"{'selector__k': 81, 'selector__score_func': 'f_classif', 'clf__n_estimators': 106, 'clf__max_depth': 5, 'clf__min_samples_split': 12, 'clf__min_samples_leaf': 7, 'clf__max_features': 'log2', 'clf__bootstrap': False, 'clf__class_weight': None}"
12,RF,13,13,0.5714,0.3636,0.4615,0.3,0.5203,0.6603,10,"{'selector__k': 10, 'selector__score_func': 'f_classif', 'clf__n_estimators': 440, 'clf__max_depth': 4, 'clf__min_samples_split': 7, 'clf__min_samples_leaf': 4, 'clf__max_features': 'sqrt', 'clf__bootstrap': True, 'clf__class_weight': None}"
13,RF,14,14,0.629,0.5306,0.9286,0.3714,0.612,0.7354,81,"{'selector__k': 81, 'selector__score_func': 'f_classif', 'clf__n_estimators': 98, 'clf__max_depth': 5, 'clf__min_samples_split': 9, 'clf__min_samples_leaf': 4, 'clf__max_features': 'sqrt', 'clf__bootstrap': False, 'clf__class_weight': None}"
14,RF,15,15,0.8276,0.8889,1.0,0.8,0.7521,0.87,20,"{'selector__k': 20, 'selector__score_func': 'f_classif', 'clf__n_estimators': 242, 'clf__max_depth': 9, 'clf__min_samples_split': 7, 'clf__min_samples_leaf': 10, 'clf__max_features': 'sqrt', 'clf__bootstrap': True, 'clf__class_weight': 'balanced'}"
15,RF,16,16,0.7368,0.8,0.8333,0.7692,0.7077,0.75,71,"{'selector__k': 71, 'selector__score_func': 'f_classif', 'clf__n_estimators': 300, 'clf__max_depth': 14, 'clf__min_samples_split': 3, 'clf__min_samples_leaf': 6, 'clf__max_features': 'log2', 'clf__bootstrap': True, 'clf__class_weight': None}"
16,RF,17,17,0.641,0.6667,0.6087,0.7368,0.6389,0.5553,20,"{'selector__k': 20, 'selector__score_func': 'f_classif', 'clf__n_estimators': 435, 'clf__max_depth': 4, 'clf__min_samples_split': 6, 'clf__min_samples_leaf': 7, 'clf__max_features': 'log2', 'clf__bootstrap': True, 'clf__class_weight': None}"
17,RF,18,18,0.9011,0.8,0.6923,0.9474,0.8672,0.9401,20,"{'selector__k': 20, 'selector__score_func': 'f_classif', 'clf__n_estimators': 407, 'clf__max_depth': 4, 'clf__min_samples_split': 19, 'clf__min_samples_leaf': 9, 'clf__max_features': 'sqrt', 'clf__bootstrap': False, 'clf__class_weight': None}"
18,RF,19,19,0.7647,0.6923,0.5294,1.0,0.7509,0.9556,30,"{'selector__k': 30, 'selector__score_func': 'f_classif', 'clf__n_estimators': 159, 'clf__max_depth': 4, 'clf__min_samples_split': 19, 'clf__min_samples_leaf': 10, 'clf__max_features': 'sqrt', 'clf__bootstrap': False, 'clf__class_weight': None}"
19,RF,20,20,0.6061,0.3158,0.75,0.2,0.5196,0.6407,91,"{'selector__k': 91, 'selector__score_func': 'f_classif', 'clf__n_estimators': 354, 'clf__max_depth': 4, 'clf__min_samples_split': 18, 'clf__min_samples_leaf': 8, 'clf__max_features': 'sqrt', 'clf__bootstrap': False, 'clf__class_weight': None}"
20,RF,21,21,0.7778,0.7778,0.6364,1.0,0.7778,0.8994,20,"{'selector__k': 20, 'selector__score_func': 'f_classif', 'clf__n_estimators': 373, 'clf__max_depth': 3, 'clf__min_samples_split': 19, 'clf__min_samples_leaf': 8, 'clf__max_features': 'sqrt', 'clf__bootstrap': False, 'clf__class_weight': None}"
21,RF,22,22,0.675,0.5185,0.35,1.0,0.6366,0.895,81,"{'selector__k': 81, 'selector__score_func': 'f_classif', 'clf__n_estimators': 110, 'clf__max_depth': 4, 'clf__min_samples_split': 9, 'clf__min_samples_leaf': 2, 'clf__max_features': 'sqrt', 'clf__bootstrap': True, 'clf__class_weight': None}"
22,RF,23,23,0.8958,0.9254,0.9394,0.9118,0.8765,0.9622,81,"{'selector__k': 81, 'selector__score_func': 'f_classif', 'clf__n_estimators': 454, 'clf__max_depth': 4, 'clf__min_samples_split': 19, 'clf__min_samples_leaf': 10, 'clf__max_features': 'sqrt', 'clf__bootstrap': False, 'clf__class_weight': None}"
23,RF,24,24,0.6897,0.6087,0.5185,0.7368,0.6758,0.7908,81,"{'selector__k': 81, 'selector__score_func': 'f_classif', 'clf__n_estimators': 460, 'clf__max_depth': 20, 'clf__min_samples_split': 19, 'clf__min_samples_leaf': 9, 'clf__max_features': 'log2', 'clf__bootstrap': False, 'clf__class_weight': 'balanced'}"
24,RF,25,25,0.625,0.2857,1.0,0.1667,0.5157,0.9527,30,"{'selector__k': 30, 'selector__score_func': 'f_classif', 'clf__n_estimators': 244, 'clf__max_depth': 4, 'clf__min_samples_split': 18, 'clf__min_samples_leaf': 9, 'clf__max_features': 'sqrt', 'clf__bootstrap': False, 'clf__class_weight': None}"
25,RF,26,26,0.8462,0.6875,0.55,0.9167,0.7927,0.9245,91,"{'selector__k': 91, 'selector__score_func': 'f_classif', 'clf__n_estimators': 289, 'clf__max_depth': 8, 'clf__min_samples_split': 13, 'clf__min_samples_leaf': 3, 'clf__max_features': 'log2', 'clf__bootstrap': True, 'clf__class_weight': 'balanced'}"
26,RF,27,27,0.8195,0.7,0.5385,1.0,0.7855,0.9187,91,"{'selector__k': 91, 'selector__score_func': 'f_classif', 'clf__n_estimators': 498, 'clf__max_depth': 20, 'clf__min_samples_split': 18, 'clf__min_samples_leaf': 8, 'clf__max_features': 'log2', 'clf__bootstrap': False, 'clf__class_weight': 'balanced'}"
27,RF,28,28,0.9545,0.9583,1.0,0.92,0.9542,0.9832,71,"{'selector__k': 71, 'selector__score_func': 'f_classif', 'clf__n_estimators': 235, 'clf__max_depth': 3, 'clf__min_samples_split': 19, 'clf__min_samples_leaf': 3, 'clf__max_features': 'sqrt', 'clf__bootstrap': False, 'clf__class_weight': None}"
28,RF,29,29,0.6571,0.6842,0.7222,0.65,0.6546,0.8,71,"{'selector__k': 71, 'selector__score_func': 'f_classif', 'clf__n_estimators': 298, 'clf__max_depth': 3, 'clf__min_samples_split': 20, 'clf__min_samples_leaf': 9, 'clf__max_features': None, 'clf__bootstrap': True, 'clf__class_weight': None}"
29,RF,30,30,0.5833,0.6552,0.95,0.5,0.5644,0.8526,30,"{'selector__k': 30, 'selector__score_func': 'f_classif', 'clf__n_estimators': 313, 'clf__max_depth': 9, 'clf__min_samples_split': 19, 'clf__min_samples_leaf': 7, 'clf__max_features': 'sqrt', 'clf__bootstrap': True, 'clf__class_weight': 'balanced'}"
30,RF,31,31,0.66,0.4516,0.4118,0.5,0.6026,0.6865,10,"{'selector__k': 10, 'selector__score_func': 'f_classif', 'clf__n_estimators': 101, 'clf__max_depth': 9, 'clf__min_samples_split': 11, 'clf__min_samples_leaf': 9, 'clf__max_features': 'sqrt', 'clf__bootstrap': True, 'clf__class_weight': 'balanced'}"
31,RF,32,32,0.5,0.5,0.3333,1.0,0.5,0.8435,20,"{'selector__k': 20, 'selector__score_func': 'f_classif', 'clf__n_estimators': 257, 'clf__max_depth': 4, 'clf__min_samples_split': 2, 'clf__min_samples_leaf': 10, 'clf__max_features': 'sqrt', 'clf__bootstrap': False, 'clf__class_weight': 'balanced'}"
32,RF,33,33,0.3478,0.1176,0.125,0.1111,0.3002,0.3254,71,"{'selector__k': 71, 'selector__score_func': 'f_classif', 'clf__n_estimators': 416, 'clf__max_depth': 4, 'clf__min_samples_split': 3, 'clf__min_samples_leaf': 2, 'clf__max_features': 'sqrt', 'clf__bootstrap': False, 'clf__class_weight': 'balanced'}"
33,RF,34,34,0.8378,0.625,0.5,0.8333,0.7608,0.9301,81,"{'selector__k': 81, 'selector__score_func': 'f_classif', 'clf__n_estimators': 297, 'clf__max_depth': 3, 'clf__min_samples_split': 14, 'clf__min_samples_leaf': 5, 'clf__max_features': 'sqrt', 'clf__bootstrap': True, 'clf__class_weight': 'balanced'}"
34,RF,35,35,0.2581,0.1154,1.0,0.0612,0.2382,0.3407,91,"{'selector__k': 91, 'selector__score_func': 'f_classif', 'clf__n_estimators': 343, 'clf__max_depth': 18, 'clf__min_samples_split': 9, 'clf__min_samples_leaf': 4, 'clf__max_features': 'log2', 'clf__bootstrap': True, 'clf__class_weight': 'balanced'}"
35,RF,36,36,0.7018,0.7463,0.5952,1.0,0.6923,0.915,71,"{'selector__k': 71, 'selector__score_func': 'f_classif', 'clf__n_estimators': 293, 'clf__max_depth': 3, 'clf__min_samples_split': 20, 'clf__min_samples_leaf': 7, 'clf__max_features': 'sqrt', 'clf__bootstrap': True, 'clf__class_weight': None}"
36,RF,37,37,0.6308,0.7073,0.5472,1.0,0.6037,0.8027,71,"{'selector__k': 71, 'selector__score_func': 'f_classif', 'clf__n_estimators': 409, 'clf__max_depth': 3, 'clf__min_samples_split': 20, 'clf__min_samples_leaf': 10, 'clf__max_features': 'sqrt', 'clf__bootstrap': False, 'clf__class_weight': None}"
37,RF,38,38,0.9024,0.9286,0.8667,1.0,0.8874,0.9282,91,"{'selector__k': 91, 'selector__score_func': 'f_classif', 'clf__n_estimators': 181, 'clf__max_depth': 5, 'clf__min_samples_split': 16, 'clf__min_samples_leaf': 6, 'clf__max_features': 'sqrt', 'clf__bootstrap': False, 'clf__class_weight': 'balanced'}"
38,RF,39,39,0.7222,0.8148,0.7333,0.9167,0.6296,0.7986,10,"{'selector__k': 10, 'selector__score_func': 'f_classif', 'clf__n_estimators': 108, 'clf__max_depth': 7, 'clf__min_samples_split': 18, 'clf__min_samples_leaf': 6, 'clf__max_features': 'log2', 'clf__bootstrap': True, 'clf__class_weight': 'balanced'}"
39,RF,40,40,0.8796,0.4103,0.4444,0.381,0.6716,0.9084,30,"{'selector__k': 30, 'selector__score_func': 'f_classif', 'clf__n_estimators': 89, 'clf__max_depth': 3, 'clf__min_samples_split': 20, 'clf__min_samples_leaf': 1, 'clf__max_features': 'sqrt', 'clf__bootstrap': False, 'clf__class_weight': None}"
40,RF,41,41,0.75,0.8,0.7407,0.8696,0.7333,0.7928,81,"{'selector__k': 81, 'selector__score_func': 'f_classif', 'clf__n_estimators': 443, 'clf__max_depth': 3, 'clf__min_samples_split': 18, 'clf__min_samples_leaf': 8, 'clf__max_features': 'sqrt', 'clf__bootstrap': False, 'clf__class_weight': None}"
41,XGB,1,1,0.7234,0.6977,0.7895,0.625,0.7214,0.7645,10,"{'selector__k': 10, 'selector__score_func': 'f_classif', 'clf__n_estimators': 152, 'clf__max_depth': 5, 'clf__learning_rate': 0.02201086129300501, 'clf__subsample': 0.6721181130299433, 'clf__colsample_bytree': 0.799980243926036, 'clf__min_child_weight': 6, 'clf__gamma': 2.870949572677454, 'clf__reg_alpha': 1.6161320688943284, 'clf__reg_lambda': 0.42085885627734876}"
42,XGB,2,2,0.8333,0.7857,0.6471,1.0,0.8247,0.9345,71,"{'selector__k': 71, 'selector__score_func': 'f_classif', 'clf__n_estimators': 128, 'clf__max_depth': 5, 'clf__learning_rate': 0.016339445237075246, 'clf__subsample': 0.6817427853448248, 'clf__colsample_bytree': 0.7272885892945042, 'clf__min_child_weight': 8, 'clf__gamma': 2.957588354978628, 'clf__reg_alpha': 1.692259452835784, 'clf__reg_lambda': 1.2243921815579855}"
43,XGB,3,3,0.7541,0.5946,0.5238,0.6875,0.7091,0.8597,81,"{'selector__k': 81, 'selector__score_func': 'f_classif', 'clf__n_estimators': 113, 'clf__max_depth': 3, 'clf__learning_rate': 0.015832840131233056, 'clf__subsample': 0.6919058866070803, 'clf__colsample_bytree': 0.6578864890219722, 'clf__min_child_weight': 6, 'clf__gamma': 2.040345038064397, 'clf__reg_alpha': 0.36507949340786905, 'clf__reg_lambda': 1.8276011742076617}"
44,XGB,4,4,0.7455,0.75,0.7,0.8077,0.7454,0.8462,20,"{'selector__k': 20, 'selector__score_func': 'f_classif', 'clf__n_estimators': 273, 'clf__max_depth': 7, 'clf__learning_rate': 0.019029124010629617, 'clf__subsample': 0.8525990598102604, 'clf__colsample_bytree': 0.8801252342594367, 'clf__min_child_weight': 8, 'clf__gamma': 4.935478023890567, 'clf__reg_alpha': 1.599754892956384, 'clf__reg_lambda': 1.5399330102311781}"
45,XGB,5,5,0.6471,0.6,0.8182,0.4737,0.6421,0.8246,10,"{'selector__k': 10, 'selector__score_func': 'f_classif', 'clf__n_estimators': 285, 'clf__max_depth': 3, 'clf__learning_rate': 0.011658366340215292, 'clf__subsample': 0.7553436890524184, 'clf__colsample_bytree': 0.7877986535156654, 'clf__min_child_weight': 4, 'clf__gamma': 4.397586879801908, 'clf__reg_alpha': 0.9262769620901481, 'clf__reg_lambda': 1.2378245591077153}"
46,XGB,6,6,0.7083,0.4,0.5385,0.3182,0.6037,0.8591,30,"{'selector__k': 30, 'selector__score_func': 'f_classif', 'clf__n_estimators': 175, 'clf__max_depth': 5, 'clf__learning_rate': 0.012696500474651625, 'clf__subsample': 0.8437698823706347, 'clf__colsample_bytree': 0.6652585532253634, 'clf__min_child_weight': 10, 'clf__gamma': 4.613507278339963, 'clf__reg_alpha': 1.989018826528381, 'clf__reg_lambda': 1.5096102935706737}"
47,XGB,7,7,0.8444,0.8205,0.8421,0.8,0.8416,0.866,10,"{'selector__k': 10, 'selector__score_func': 'f_classif', 'clf__n_estimators': 91, 'clf__max_depth': 6, 'clf__learning_rate': 0.025053801482206838, 'clf__subsample': 0.6362097821990884, 'clf__colsample_bytree': 0.7939081180961476, 'clf__min_child_weight': 6, 'clf__gamma': 4.369753960365554, 'clf__reg_alpha': 1.6612925003376577, 'clf__reg_lambda': 1.9819553275736406}"
48,XGB,8,8,0.5714,0.5,0.6,0.4286,0.5625,0.7528,30,"{'selector__k': 30, 'selector__score_func': 'f_classif', 'clf__n_estimators': 154, 'clf__max_depth': 3, 'clf__learning_rate': 0.02005271040497574, 'clf__subsample': 0.7155444936830717, 'clf__colsample_bytree': 0.94381534106309, 'clf__min_child_weight': 4, 'clf__gamma': 3.1058975030357416, 'clf__reg_alpha': 1.3274591429759717, 'clf__reg_lambda': 0.7650092069284308}"
49,XGB,9,9,0.8052,0.8315,0.8409,0.8222,0.8003,0.9174,51,"{'selector__k': 51, 'selector__score_func': 'f_classif', 'clf__n_estimators': 124, 'clf__max_depth': 3, 'clf__learning_rate': 0.022317529341560182, 'clf__subsample': 0.6321235447500403, 'clf__colsample_bytree': 0.6256271713119872, 'clf__min_child_weight': 3, 'clf__gamma': 3.2900570481371076, 'clf__reg_alpha': 1.5708054931415307, 'clf__reg_lambda': 0.5188459634084466}"
50,XGB,10,10,0.6094,0.5283,0.7368,0.4118,0.5975,0.776,10,"{'selector__k': 10, 'selector__score_func': 'f_classif', 'clf__n_estimators': 410, 'clf__max_depth': 9, 'clf__learning_rate': 0.022348866666797584, 'clf__subsample': 0.9475717006740176, 'clf__colsample_bytree': 0.9047959292773671, 'clf__min_child_weight': 6, 'clf__gamma': 4.618950520003241, 'clf__reg_alpha': 1.7313345537757086, 'clf__reg_lambda': 0.8889026485067472}"
51,XGB,11,11,0.5055,0.3077,0.2941,0.3226,0.4615,0.5156,71,"{'selector__k': 71, 'selector__score_func': 'f_classif', 'clf__n_estimators': 446, 'clf__max_depth': 12, 'clf__learning_rate': 0.0764943665736183, 'clf__subsample': 0.9382295331851357, 'clf__colsample_bytree': 0.6215895065632024, 'clf__min_child_weight': 2, 'clf__gamma': 4.409535883846981, 'clf__reg_alpha': 1.9377800443507853, 'clf__reg_lambda': 1.7804392904426043}"
52,XGB,12,12,0.4487,0.3944,0.359,0.4375,0.4442,0.3499,10,"{'selector__k': 10, 'selector__score_func': 'f_classif', 'clf__n_estimators': 62, 'clf__max_depth': 5, 'clf__learning_rate': 0.03508562249115883, 'clf__subsample': 0.9837210218582536, 'clf__colsample_bytree': 0.65168192873342, 'clf__min_child_weight': 1, 'clf__gamma': 4.074837494696215, 'clf__reg_alpha': 1.6689193218143485, 'clf__reg_lambda': 1.254839653229935}"
53,XGB,13,13,0.7143,0.5333,0.8,0.4,0.6637,0.7638,81,"{'selector__k': 81, 'selector__score_func': 'f_classif', 'clf__n_estimators': 212, 'clf__max_depth': 3, 'clf__learning_rate': 0.010084877893364522, 'clf__subsample': 0.8149163053327239, 'clf__colsample_bytree': 0.6472533213508249, 'clf__min_child_weight': 8, 'clf__gamma': 3.070181383191999, 'clf__reg_alpha': 0.8258931682503027, 'clf__reg_lambda': 1.8991572864372663}"
54,XGB,14,14,0.4839,0.3043,0.6364,0.2,0.447,0.6709,51,"{'selector__k': 51, 'selector__score_func': 'f_classif', 'clf__n_estimators': 342, 'clf__max_depth': 11, 'clf__learning_rate': 0.010031125186571854, 'clf__subsample': 0.9226425144955677, 'clf__colsample_bytree': 0.6555069330292274, 'clf__min_child_weight': 4, 'clf__gamma': 3.5907979823399927, 'clf__reg_alpha': 1.2324122375576736, 'clf__reg_lambda': 1.5560378664573504}"
55,XGB,15,15,0.6897,0.7805,1.0,0.64,0.6255,0.87,10,"{'selector__k': 10, 'selector__score_func': 'f_classif', 'clf__n_estimators': 112, 'clf__max_depth': 7, 'clf__learning_rate': 0.020119340635369572, 'clf__subsample': 0.6288312943971095, 'clf__colsample_bytree': 0.6904065549750525, 'clf__min_child_weight': 10, 'clf__gamma': 4.238545410968204, 'clf__reg_alpha': 0.690127214109393, 'clf__reg_lambda': 0.6579292289613581}"
56,XGB,16,16,0.7105,0.7556,0.8947,0.6538,0.7004,0.7724,71,"{'selector__k': 71, 'selector__score_func': 'f_classif', 'clf__n_estimators': 160, 'clf__max_depth': 11, 'clf__learning_rate': 0.013413712747422415, 'clf__subsample': 0.9182068352251697, 'clf__colsample_bytree': 0.732078156569666, 'clf__min_child_weight': 7, 'clf__gamma': 4.457836698228624, 'clf__reg_alpha': 1.0507705929460978, 'clf__reg_lambda': 1.7908232666264612}"
57,XGB,17,17,0.641,0.6667,0.6087,0.7368,0.6389,0.5316,20,"{'selector__k': 20, 'selector__score_func': 'f_classif', 'clf__n_estimators': 449, 'clf__max_depth': 6, 'clf__learning_rate': 0.02060896647359467, 'clf__subsample': 0.9082210874013193, 'clf__colsample_bytree': 0.9438999087145313, 'clf__min_child_weight': 1, 'clf__gamma': 4.976297370350565, 'clf__reg_alpha': 0.7586677365564778, 'clf__reg_lambda': 1.5944206328097579}"
58,XGB,18,18,0.8901,0.7727,0.68,0.8947,0.8501,0.9459,10,"{'selector__k': 10, 'selector__score_func': 'f_classif', 'clf__n_estimators': 349, 'clf__max_depth': 9, 'clf__learning_rate': 0.01027293070767315, 'clf__subsample': 0.7308832279036117, 'clf__colsample_bytree': 0.6898605937121253, 'clf__min_child_weight': 3, 'clf__gamma': 4.497596524332965, 'clf__reg_alpha': 0.9192058094718274, 'clf__reg_lambda': 0.8296220262610865}"
59,XGB,19,19,0.8235,0.75,0.6,1.0,0.8068,0.9822,91,"{'selector__k': 91, 'selector__score_func': 'f_classif', 'clf__n_estimators': 353, 'clf__max_depth': 10, 'clf__learning_rate': 0.013224993585794174, 'clf__subsample': 0.791678114607872, 'clf__colsample_bytree': 0.6638467100830426, 'clf__min_child_weight': 4, 'clf__gamma': 4.647424408003545, 'clf__reg_alpha': 1.243070380017303, 'clf__reg_lambda': 1.380552094168784}"
60,XGB,20,20,0.4545,0.1818,0.2857,0.1333,0.3864,0.663,71,"{'selector__k': 71, 'selector__score_func': 'f_classif', 'clf__n_estimators': 106, 'clf__max_depth': 3, 'clf__learning_rate': 0.019452716442202412, 'clf__subsample': 0.6857348449354894, 'clf__colsample_bytree': 0.9332153522236563, 'clf__min_child_weight': 8, 'clf__gamma': 0.4947013531691638, 'clf__reg_alpha': 0.4702476963346585, 'clf__reg_lambda': 0.9160871446279011}"
61,XGB,21,21,0.8056,0.8,0.6667,1.0,0.8054,0.9513,20,"{'selector__k': 20, 'selector__score_func': 'f_classif', 'clf__n_estimators': 249, 'clf__max_depth': 9, 'clf__learning_rate': 0.010201283077603752, 'clf__subsample': 0.6181458883737991, 'clf__colsample_bytree': 0.6430436897404407, 'clf__min_child_weight': 4, 'clf__gamma': 4.967411011074679, 'clf__reg_alpha': 0.5829149772177138, 'clf__reg_lambda': 1.8719785759869745}"
62,XGB,22,22,0.7375,0.5714,0.4,1.0,0.6911,0.9177,71,"{'selector__k': 71, 'selector__score_func': 'f_classif', 'clf__n_estimators': 417, 'clf__max_depth': 10, 'clf__learning_rate': 0.010146988318619425, 'clf__subsample': 0.9752197022716178, 'clf__colsample_bytree': 0.6254375986691444, 'clf__min_child_weight': 5, 'clf__gamma': 4.966193431932525, 'clf__reg_alpha': 1.395947721050717, 'clf__reg_lambda': 1.8991572864372663}"
63,XGB,23,23,0.8542,0.8889,0.9655,0.8235,0.8384,0.9748,51,"{'selector__k': 51, 'selector__score_func': 'f_classif', 'clf__n_estimators': 118, 'clf__max_depth': 4, 'clf__learning_rate': 0.016500302735536293, 'clf__subsample': 0.7126007449615533, 'clf__colsample_bytree': 0.6818177926546838, 'clf__min_child_weight': 8, 'clf__gamma': 3.1697715767903003, 'clf__reg_alpha': 1.0212285833017827, 'clf__reg_lambda': 0.8582152877577941}"
64,XGB,24,24,0.6724,0.4571,0.5,0.4211,0.6113,0.7733,71,"{'selector__k': 71, 'selector__score_func': 'f_classif', 'clf__n_estimators': 346, 'clf__max_depth': 10, 'clf__learning_rate': 0.014149473401156017, 'clf__subsample': 0.8251867852889606, 'clf__colsample_bytree': 0.8362673721525015, 'clf__min_child_weight': 8, 'clf__gamma': 3.3699543483322647, 'clf__reg_alpha': 1.4094321907506668, 'clf__reg_lambda': 1.6436878358767881}"
65,XGB,25,25,0.65,0.3636,1.0,0.2222,0.5611,0.9179,10,"{'selector__k': 10, 'selector__score_func': 'f_classif', 'clf__n_estimators': 167, 'clf__max_depth': 7, 'clf__learning_rate': 0.02730961527004387, 'clf__subsample': 0.6057575681173106, 'clf__colsample_bytree': 0.8183970375267472, 'clf__min_child_weight': 4, 'clf__gamma': 4.002367854705043, 'clf__reg_alpha': 1.10029266245574, 'clf__reg_lambda': 0.7888995284779332}"
66,XGB,26,26,0.8462,0.6667,0.5556,0.8333,0.7833,0.9057,40,"{'selector__k': 40, 'selector__score_func': 'f_classif', 'clf__n_estimators': 161, 'clf__max_depth': 7, 'clf__learning_rate': 0.012460943541053933, 'clf__subsample': 0.8151310866005572, 'clf__colsample_bytree': 0.7874065138805746, 'clf__min_child_weight': 7, 'clf__gamma': 4.573213681897916, 'clf__reg_alpha': 1.839110027258638, 'clf__reg_lambda': 0.7766157325747425}"
67,XGB,27,27,0.8045,0.675,0.5192,0.9643,0.7676,0.9092,71,"{'selector__k': 71, 'selector__score_func': 'f_classif', 'clf__n_estimators': 476, 'clf__max_depth': 10, 'clf__learning_rate': 0.011029539618590161, 'clf__subsample': 0.9947127635757649, 'clf__colsample_bytree': 0.6047606839380596, 'clf__min_child_weight': 5, 'clf__gamma': 4.994720633222883, 'clf__reg_alpha': 1.3660681759802678, 'clf__reg_lambda': 1.9449454545330427}"
68,XGB,28,28,0.7727,0.75,1.0,0.6,0.7708,0.9579,91,"{'selector__k': 91, 'selector__score_func': 'f_classif', 'clf__n_estimators': 256, 'clf__max_depth': 9, 'clf__learning_rate': 0.01944309191167649, 'clf__subsample': 0.9447641085023541, 'clf__colsample_bytree': 0.6521620383683684, 'clf__min_child_weight': 6, 'clf__gamma': 4.646885466448616, 'clf__reg_alpha': 1.3504423033957405, 'clf__reg_lambda': 1.6570896624843434}"
69,XGB,29,29,0.6857,0.7027,0.7647,0.65,0.6847,0.78,91,"{'selector__k': 91, 'selector__score_func': 'f_classif', 'clf__n_estimators': 234, 'clf__max_depth': 8, 'clf__learning_rate': 0.011773896528121141, 'clf__subsample': 0.6400990720720533, 'clf__colsample_bytree': 0.6664607084923506, 'clf__min_child_weight': 5, 'clf__gamma': 4.974878614325562, 'clf__reg_alpha': 1.3218565840352772, 'clf__reg_lambda': 1.6754765466636656}"
70,XGB,30,30,0.5,0.5714,0.8889,0.4211,0.4857,0.75,30,"{'selector__k': 30, 'selector__score_func': 'f_classif', 'clf__n_estimators': 246, 'clf__max_depth': 9, 'clf__learning_rate': 0.016884992115986344, 'clf__subsample': 0.9535568147043385, 'clf__colsample_bytree': 0.642926325310971, 'clf__min_child_weight': 4, 'clf__gamma': 4.381410632743003, 'clf__reg_alpha': 1.3605537713795393, 'clf__reg_lambda': 0.0941596016545759}"
71,XGB,31,31,0.7,0.4444,0.4615,0.4286,0.6195,0.6696,10,"{'selector__k': 10, 'selector__score_func': 'f_classif', 'clf__n_estimators': 185, 'clf__max_depth': 8, 'clf__learning_rate': 0.1903134742854657, 'clf__subsample': 0.9138521765603873, 'clf__colsample_bytree': 0.822520339529534, 'clf__min_child_weight': 2, 'clf__gamma': 3.875278728669202, 'clf__reg_alpha': 1.1992136242123645, 'clf__reg_lambda': 0.7708898954323977}"
72,XGB,32,32,0.6786,0.6087,0.4375,1.0,0.668,0.8503,20,"{'selector__k': 20, 'selector__score_func': 'f_classif', 'clf__n_estimators': 77, 'clf__max_depth': 11, 'clf__learning_rate': 0.04415167913573505, 'clf__subsample': 0.9481973613701744, 'clf__colsample_bytree': 0.9014049884180112, 'clf__min_child_weight': 7, 'clf__gamma': 4.558016992956571, 'clf__reg_alpha': 0.9314785493905517, 'clf__reg_lambda': 1.6808671932323747}"
73,XGB,33,33,0.4783,0.0,0.0,0.0,0.3235,0.3155,10,"{'selector__k': 10, 'selector__score_func': 'f_classif', 'clf__n_estimators': 152, 'clf__max_depth': 5, 'clf__learning_rate': 0.02201086129300501, 'clf__subsample': 0.6721181130299433, 'clf__colsample_bytree': 0.799980243926036, 'clf__min_child_weight': 6, 'clf__gamma': 2.870949572677454, 'clf__reg_alpha': 1.6161320688943284, 'clf__reg_lambda': 0.42085885627734876}"
74,XGB,34,34,0.8649,0.2857,1.0,0.1667,0.6055,0.9194,81,"{'selector__k': 81, 'selector__score_func': 'f_classif', 'clf__n_estimators': 117, 'clf__max_depth': 3, 'clf__learning_rate': 0.020099892881309117, 'clf__subsample': 0.9436362667776267, 'clf__colsample_bytree': 0.6299603456546781, 'clf__min_child_weight': 10, 'clf__gamma': 4.2239332273144505, 'clf__reg_alpha': 1.0096327810541856, 'clf__reg_lambda': 0.4805597637879002}"
75,XGB,35,35,0.3065,0.2182,1.0,0.1224,0.2975,0.4553,20,"{'selector__k': 20, 'selector__score_func': 'f_classif', 'clf__n_estimators': 159, 'clf__max_depth': 3, 'clf__learning_rate': 0.01939540507617854, 'clf__subsample': 0.6973469808933793, 'clf__colsample_bytree': 0.6261881411501714, 'clf__min_child_weight': 5, 'clf__gamma': 3.8130422082668183, 'clf__reg_alpha': 1.9943573562820809, 'clf__reg_lambda': 0.7211794663760265}"
76,XGB,36,36,0.6316,0.7042,0.5435,1.0,0.6079,0.9087,10,"{'selector__k': 10, 'selector__score_func': 'f_classif', 'clf__n_estimators': 261, 'clf__max_depth': 12, 'clf__learning_rate': 0.017869691726933926, 'clf__subsample': 0.8394015628112257, 'clf__colsample_bytree': 0.6005158938261255, 'clf__min_child_weight': 1, 'clf__gamma': 4.949902201610486, 'clf__reg_alpha': 1.1068940835797554, 'clf__reg_lambda': 1.7881306817573805}"
77,XGB,37,37,0.6615,0.7179,0.5714,0.9655,0.6474,0.8123,10,"{'selector__k': 10, 'selector__score_func': 'f_classif', 'clf__n_estimators': 235, 'clf__max_depth': 7, 'clf__learning_rate': 0.010907451436537258, 'clf__subsample': 0.7831910378881342, 'clf__colsample_bytree': 0.8893575672930073, 'clf__min_child_weight': 4, 'clf__gamma': 4.245169693616825, 'clf__reg_alpha': 1.7352397619939615, 'clf__reg_lambda': 0.7781396602559132}"
78,XGB,38,38,0.8537,0.8929,0.8333,0.9615,0.831,0.9179,10,"{'selector__k': 10, 'selector__score_func': 'f_classif', 'clf__n_estimators': 383, 'clf__max_depth': 9, 'clf__learning_rate': 0.07101480742257502, 'clf__subsample': 0.9419727901799748, 'clf__colsample_bytree': 0.934370638757188, 'clf__min_child_weight': 1, 'clf__gamma': 4.521520652023101, 'clf__reg_alpha': 1.4462241881729534, 'clf__reg_lambda': 0.997777227556196}"
79,XGB,39,39,0.75,0.8163,0.8,0.8333,0.7125,0.8125,10,"{'selector__k': 10, 'selector__score_func': 'f_classif', 'clf__n_estimators': 286, 'clf__max_depth': 10, 'clf__learning_rate': 0.017310693828587454, 'clf__subsample': 0.618748655775703, 'clf__colsample_bytree': 0.6951179115665437, 'clf__min_child_weight': 10, 'clf__gamma': 3.177235824319454, 'clf__reg_alpha': 1.88888922233346, 'clf__reg_lambda': 1.3989231289024278}"
80,XGB,40,40,0.8901,0.4615,0.5,0.4286,0.7002,0.9202,40,"{'selector__k': 40, 'selector__score_func': 'f_classif', 'clf__n_estimators': 57, 'clf__max_depth': 8, 'clf__learning_rate': 0.02160537077027906, 'clf__subsample': 0.8580691161637799, 'clf__colsample_bytree': 0.6697465716019966, 'clf__min_child_weight': 7, 'clf__gamma': 1.933676731502687, 'clf__reg_alpha': 1.873459977473469, 'clf__reg_lambda': 0.2750418882919865}"
81,XGB,41,41,0.675,0.7636,0.6562,0.913,0.6218,0.8056,10,"{'selector__k': 10, 'selector__score_func': 'f_classif', 'clf__n_estimators': 301, 'clf__max_depth': 9, 'clf__learning_rate': 0.06411046708017126, 'clf__subsample': 0.8840943126279937, 'clf__colsample_bytree': 0.7692043209866885, 'clf__min_child_weight': 8, 'clf__gamma': 4.927389184412503, 'clf__reg_alpha': 1.1849983607177292, 'clf__reg_lambda': 0.5421168616365294}"
82,DT,1,1,0.766,0.766,0.7826,0.75,0.766,0.7627,20,"{'selector__k': 20, 'selector__score_func': 'f_classif', 'clf__criterion': 'gini', 'clf__max_depth': 3, 'clf__min_samples_split': 18, 'clf__min_samples_leaf': 8, 'clf__max_features': 'log2', 'clf__splitter': 'best', 'clf__class_weight': None}"
83,DT,2,2,0.8611,0.7826,0.75,0.8182,0.8403,0.8673,30,"{'selector__k': 30, 'selector__score_func': 'f_classif', 'clf__criterion': 'entropy', 'clf__max_depth': 2, 'clf__min_samples_split': 4, 'clf__min_samples_leaf': 3, 'clf__max_features': 'log2', 'clf__splitter': 'best', 'clf__class_weight': None}"
84,DT,3,3,0.7705,0.6111,0.55,0.6875,0.7242,0.7812,30,"{'selector__k': 30, 'selector__score_func': 'f_classif', 'clf__criterion': 'gini', 'clf__max_depth': 2, 'clf__min_samples_split': 7, 'clf__min_samples_leaf': 9, 'clf__max_features': None, 'clf__splitter': 'best', 'clf__class_weight': 'balanced'}"
85,DT,4,4,0.8,0.807,0.7419,0.8846,0.7997,0.8448,20,"{'selector__k': 20, 'selector__score_func': 'f_classif', 'clf__criterion': 'gini', 'clf__max_depth': 3, 'clf__min_samples_split': 18, 'clf__min_samples_leaf': 8, 'clf__max_features': 'log2', 'clf__splitter': 'best', 'clf__class_weight': None}"
86,DT,5,5,0.7353,0.7273,0.8571,0.6316,0.7351,0.8035,81,"{'selector__k': 81, 'selector__score_func': 'f_classif', 'clf__criterion': 'entropy', 'clf__max_depth': 2, 'clf__min_samples_split': 9, 'clf__min_samples_leaf': 5, 'clf__max_features': None, 'clf__splitter': 'random', 'clf__class_weight': None}"
87,DT,6,6,0.8194,0.7719,0.6286,1.0,0.8113,0.87,30,"{'selector__k': 30, 'selector__score_func': 'f_classif', 'clf__criterion': 'entropy', 'clf__max_depth': 1, 'clf__min_samples_split': 14, 'clf__min_samples_leaf': 8, 'clf__max_features': 'log2', 'clf__splitter': 'best', 'clf__class_weight': 'balanced'}"
88,DT,7,7,0.8444,0.8444,0.76,0.95,0.8444,0.86,20,"{'selector__k': 20, 'selector__score_func': 'f_classif', 'clf__criterion': 'entropy', 'clf__max_depth': 2, 'clf__min_samples_split': 14, 'clf__min_samples_leaf': 6, 'clf__max_features': 'log2', 'clf__splitter': 'best', 'clf__class_weight': 'balanced'}"
89,DT,8,8,0.5,0.0,0.0,0.0,0.3333,0.6905,71,"{'selector__k': 71, 'selector__score_func': 'f_classif', 'clf__criterion': 'gini', 'clf__max_depth': 2, 'clf__min_samples_split': 11, 'clf__min_samples_leaf': 7, 'clf__max_features': None, 'clf__splitter': 'random', 'clf__class_weight': None}"
90,DT,9,9,0.8961,0.9184,0.8491,1.0,0.8878,0.8917,40,"{'selector__k': 40, 'selector__score_func': 'f_classif', 'clf__criterion': 'gini', 'clf__max_depth': 4, 'clf__min_samples_split': 16, 'clf__min_samples_leaf': 9, 'clf__max_features': 'sqrt', 'clf__splitter': 'random', 'clf__class_weight': None}"
91,DT,10,10,0.7344,0.7463,0.7576,0.7353,0.7338,0.7275,20,"{'selector__k': 20, 'selector__score_func': 'f_classif', 'clf__criterion': 'gini', 'clf__max_depth': 3, 'clf__min_samples_split': 11, 'clf__min_samples_leaf': 4, 'clf__max_features': None, 'clf__splitter': 'random', 'clf__class_weight': None}"
92,DT,11,11,0.3516,0.4486,0.3158,0.7742,0.331,0.4269,30,"{'selector__k': 30, 'selector__score_func': 'f_classif', 'clf__criterion': 'entropy', 'clf__max_depth': 2, 'clf__min_samples_split': 2, 'clf__min_samples_leaf': 8, 'clf__max_features': 'sqrt', 'clf__splitter': 'best', 'clf__class_weight': 'balanced'}"
93,DT,12,12,0.3846,0.25,0.25,0.25,0.3641,0.3872,71,"{'selector__k': 71, 'selector__score_func': 'f_classif', 'clf__criterion': 'gini', 'clf__max_depth': 3, 'clf__min_samples_split': 7, 'clf__min_samples_leaf': 3, 'clf__max_features': None, 'clf__splitter': 'random', 'clf__class_weight': None}"
94,DT,13,13,0.5102,0.3684,0.3889,0.35,0.4842,0.4647,10,"{'selector__k': 10, 'selector__score_func': 'f_classif', 'clf__criterion': 'gini', 'clf__max_depth': 4, 'clf__min_samples_split': 6, 'clf__min_samples_leaf': 7, 'clf__max_features': 'sqrt', 'clf__splitter': 'random', 'clf__class_weight': None}"
95,DT,14,14,0.5323,0.5915,0.5833,0.6,0.5222,0.5429,51,"{'selector__k': 51, 'selector__score_func': 'f_classif', 'clf__criterion': 'gini', 'clf__max_depth': 2, 'clf__min_samples_split': 20, 'clf__min_samples_leaf': 10, 'clf__max_features': 'sqrt', 'clf__splitter': 'best', 'clf__class_weight': 'balanced'}"
96,DT,15,15,0.8276,0.8889,1.0,0.8,0.7521,0.845,20,"{'selector__k': 20, 'selector__score_func': 'f_classif', 'clf__criterion': 'gini', 'clf__max_depth': 2, 'clf__min_samples_split': 9, 'clf__min_samples_leaf': 10, 'clf__max_features': None, 'clf__splitter': 'best', 'clf__class_weight': 'balanced'}"
97,DT,16,16,0.4737,0.375,1.0,0.2308,0.4602,0.6282,51,"{'selector__k': 51, 'selector__score_func': 'f_classif', 'clf__criterion': 'gini', 'clf__max_depth': 2, 'clf__min_samples_split': 3, 'clf__min_samples_leaf': 4, 'clf__max_features': 'log2', 'clf__splitter': 'random', 'clf__class_weight': None}"
98,DT,17,17,0.641,0.6667,0.6087,0.7368,0.6389,0.6434,10,"{'selector__k': 10, 'selector__score_func': 'f_classif', 'clf__criterion': 'entropy', 'clf__max_depth': 1, 'clf__min_samples_split': 20, 'clf__min_samples_leaf': 10, 'clf__max_features': None, 'clf__splitter': 'best', 'clf__class_weight': 'balanced'}"
99,DT,18,18,0.8352,0.4,0.8333,0.2632,0.6522,0.9247,10,"{'selector__k': 10, 'selector__score_func': 'f_classif', 'clf__criterion': 'gini', 'clf__max_depth': 4, 'clf__min_samples_split': 13, 'clf__min_samples_leaf': 8, 'clf__max_features': 'sqrt', 'clf__splitter': 'random', 'clf__class_weight': None}"
100,DT,19,19,0.6765,0.6207,0.45,1.0,0.6693,0.7889,40,"{'selector__k': 40, 'selector__score_func': 'f_classif', 'clf__criterion': 'gini', 'clf__max_depth': 3, 'clf__min_samples_split': 16, 'clf__min_samples_leaf': 4, 'clf__max_features': 'sqrt', 'clf__splitter': 'random', 'clf__class_weight': None}"
101,DT,20,20,0.6667,0.7179,0.5833,0.9333,0.6553,0.6704,51,"{'selector__k': 51, 'selector__score_func': 'f_classif', 'clf__criterion': 'gini', 'clf__max_depth': 2, 'clf__min_samples_split': 20, 'clf__min_samples_leaf': 10, 'clf__max_features': 'sqrt', 'clf__splitter': 'best', 'clf__class_weight': 'balanced'}"
102,DT,21,21,0.6111,0.0,0.0,0.0,0.3793,0.6818,81,"{'selector__k': 81, 'selector__score_func': 'f_classif', 'clf__criterion': 'gini', 'clf__max_depth': 2, 'clf__min_samples_split': 18, 'clf__min_samples_leaf': 7, 'clf__max_features': 'sqrt', 'clf__splitter': 'random', 'clf__class_weight': None}"
103,DT,22,22,0.8125,0.6341,0.4815,0.9286,0.754,0.868,40,"{'selector__k': 40, 'selector__score_func': 'f_classif', 'clf__criterion': 'gini', 'clf__max_depth': 2, 'clf__min_samples_split': 6, 'clf__min_samples_leaf': 5, 'clf__max_features': None, 'clf__splitter': 'random', 'clf__class_weight': None}"
104,DT,23,23,0.9375,0.9577,0.9189,1.0,0.9189,0.9685,20,"{'selector__k': 20, 'selector__score_func': 'f_classif', 'clf__criterion': 'gini', 'clf__max_depth': 3, 'clf__min_samples_split': 11, 'clf__min_samples_leaf': 7, 'clf__max_features': 'sqrt', 'clf__splitter': 'best', 'clf__class_weight': 'balanced'}"
105,DT,24,24,0.6552,0.6552,0.4872,1.0,0.6552,0.7962,20,"{'selector__k': 20, 'selector__score_func': 'f_classif', 'clf__criterion': 'gini', 'clf__max_depth': 3, 'clf__min_samples_split': 11, 'clf__min_samples_leaf': 7, 'clf__max_features': 'sqrt', 'clf__splitter': 'best', 'clf__class_weight': 'balanced'}"
106,DT,25,25,0.675,0.4583,0.9167,0.3056,0.6131,0.8116,20,"{'selector__k': 20, 'selector__score_func': 'f_classif', 'clf__criterion': 'gini', 'clf__max_depth': 3, 'clf__min_samples_split': 11, 'clf__min_samples_leaf': 7, 'clf__max_features': 'sqrt', 'clf__splitter': 'best', 'clf__class_weight': 'balanced'}"
107,DT,26,26,0.8615,0.7097,0.5789,0.9167,0.8094,0.9064,20,"{'selector__k': 20, 'selector__score_func': 'f_classif', 'clf__criterion': 'gini', 'clf__max_depth': 2, 'clf__min_samples_split': 14, 'clf__min_samples_leaf': 2, 'clf__max_features': None, 'clf__splitter': 'best', 'clf__class_weight': 'balanced'}"
108,DT,27,27,0.6842,0.5714,0.4,1.0,0.6607,0.8527,20,"{'selector__k': 20, 'selector__score_func': 'f_classif', 'clf__criterion': 'gini', 'clf__max_depth': 3, 'clf__min_samples_split': 12, 'clf__min_samples_leaf': 4, 'clf__max_features': None, 'clf__splitter': 'random', 'clf__class_weight': None}"
109,DT,28,28,0.7955,0.8475,0.7353,1.0,0.7686,0.7632,91,"{'selector__k': 91, 'selector__score_func': 'f_classif', 'clf__criterion': 'entropy', 'clf__max_depth': 1, 'clf__min_samples_split': 12, 'clf__min_samples_leaf': 10, 'clf__max_features': None, 'clf__splitter': 'best', 'clf__class_weight': None}"
110,DT,29,29,0.6571,0.6842,0.7222,0.65,0.6546,0.6583,51,"{'selector__k': 51, 'selector__score_func': 'f_classif', 'clf__criterion': 'gini', 'clf__max_depth': 1, 'clf__min_samples_split': 11, 'clf__min_samples_leaf': 6, 'clf__max_features': None, 'clf__splitter': 'best', 'clf__class_weight': 'balanced'}"
111,DT,30,30,0.4583,0.5,0.9286,0.3421,0.4545,0.7039,71,"{'selector__k': 71, 'selector__score_func': 'f_classif', 'clf__criterion': 'gini', 'clf__max_depth': 3, 'clf__min_samples_split': 10, 'clf__min_samples_leaf': 7, 'clf__max_features': None, 'clf__splitter': 'random', 'clf__class_weight': None}"
112,DT,31,31,0.36,0.4286,0.2857,0.8571,0.3506,0.5119,71,"{'selector__k': 71, 'selector__score_func': 'f_classif', 'clf__criterion': 'gini', 'clf__max_depth': 1, 'clf__min_samples_split': 20, 'clf__min_samples_leaf': 8, 'clf__max_features': 'log2', 'clf__splitter': 'best', 'clf__class_weight': None}"
113,DT,32,32,0.5357,0.5185,0.35,1.0,0.5351,0.7381,20,"{'selector__k': 20, 'selector__score_func': 'f_classif', 'clf__criterion': 'gini', 'clf__max_depth': 3, 'clf__min_samples_split': 18, 'clf__min_samples_leaf': 2, 'clf__max_features': 'log2', 'clf__splitter': 'random', 'clf__class_weight': None}"
114,DT,33,33,0.6087,0.0,0.0,0.0,0.3784,0.4782,30,"{'selector__k': 30, 'selector__score_func': 'f_classif', 'clf__criterion': 'gini', 'clf__max_depth': 2, 'clf__min_samples_split': 9, 'clf__min_samples_leaf': 10, 'clf__max_features': 'log2', 'clf__splitter': 'random', 'clf__class_weight': None}"
115,DT,34,34,0.8108,0.0,0.0,0.0,0.4478,0.6667,91,"{'selector__k': 91, 'selector__score_func': 'f_classif', 'clf__criterion': 'gini', 'clf__max_depth': 2, 'clf__min_samples_split': 9, 'clf__min_samples_leaf': 10, 'clf__max_features': 'log2', 'clf__splitter': 'best', 'clf__class_weight': None}"
116,DT,35,35,0.3387,0.2807,1.0,0.1633,0.3344,0.5597,20,"{'selector__k': 20, 'selector__score_func': 'f_classif', 'clf__criterion': 'gini', 'clf__max_depth': 3, 'clf__min_samples_split': 12, 'clf__min_samples_leaf': 7, 'clf__max_features': None, 'clf__splitter': 'best', 'clf__class_weight': None}"
117,DT,36,36,0.5088,0.641,0.4717,1.0,0.4316,0.75,20,"{'selector__k': 20, 'selector__score_func': 'f_classif', 'clf__criterion': 'gini', 'clf__max_depth': 3, 'clf__min_samples_split': 16, 'clf__min_samples_leaf': 4, 'clf__max_features': 'log2', 'clf__splitter': 'best', 'clf__class_weight': 'balanced'}"
118,DT,37,37,0.6923,0.7436,0.5918,1.0,0.6795,0.7931,10,"{'selector__k': 10, 'selector__score_func': 'f_classif', 'clf__criterion': 'gini', 'clf__max_depth': 3, 'clf__min_samples_split': 13, 'clf__min_samples_leaf': 5, 'clf__max_features': 'sqrt', 'clf__splitter': 'random', 'clf__class_weight': None}"
119,DT,38,38,0.878,0.9123,0.8387,1.0,0.8561,0.8333,51,"{'selector__k': 51, 'selector__score_func': 'f_classif', 'clf__criterion': 'gini', 'clf__max_depth': 2, 'clf__min_samples_split': 12, 'clf__min_samples_leaf': 7, 'clf__max_features': None, 'clf__splitter': 'random', 'clf__class_weight': None}"
120,DT,39,39,0.8333,0.8846,0.8214,0.9583,0.7923,0.8698,30,"{'selector__k': 30, 'selector__score_func': 'f_classif', 'clf__criterion': 'gini', 'clf__max_depth': 4, 'clf__min_samples_split': 17, 'clf__min_samples_leaf': 6, 'clf__max_features': 'log2', 'clf__splitter': 'random', 'clf__class_weight': None}"
121,DT,40,40,0.8848,0.5217,0.48,0.5714,0.7281,0.8534,71,"{'selector__k': 71, 'selector__score_func': 'f_classif', 'clf__criterion': 'gini', 'clf__max_depth': 2, 'clf__min_samples_split': 6, 'clf__min_samples_leaf': 1, 'clf__max_features': 'sqrt', 'clf__splitter': 'best', 'clf__class_weight': None}"
122,DT,41,41,0.75,0.8,0.7407,0.8696,0.7333,0.6125,71,"{'selector__k': 71, 'selector__score_func': 'f_classif', 'clf__criterion': 'gini', 'clf__max_depth': 3, 'clf__min_samples_split': 10, 'clf__min_samples_leaf': 7, 'clf__max_features': None, 'clf__splitter': 'random', 'clf__class_weight': None}"
123,RF,MEAN,ALL,0.703,0.6299,0.6593,0.7017,0.6695,0.7958,N/A,N/A
124,RF,STD,ALL,0.1511,0.2159,0.2257,0.2908,0.1534,0.172,N/A,N/A
125,XGB,MEAN,ALL,0.6932,0.5931,0.6649,0.6231,0.6514,0.7973,N/A,N/A
126,XGB,STD,ALL,0.138,0.2125,0.2279,0.2987,0.1412,0.163,N/A,N/A
127,DT,MEAN,ALL,0.6823,0.5866,0.5961,0.6819,0.6327,0.7341,N/A,N/A
128,DT,STD,ALL,0.167,0.2639,0.2842,0.3422,0.1769,0.1454,N/A,N/A
